CustomerID,Age,Average_Spend,Visits_per_week,Promotion_Interest,Cluster,Customer Group
1,56,6.729191683979165,4.2243736176275375,7,2,Weekend
2,69,5.4273815001746115,6.519133698476563,4,2,Weekend
3,46,4.326124315068404,3.0780759661957675,8,0,Daily
4,32,4.670324477406114,3.081719211377366,7,1,Promotion
5,60,3.5176003745667392,5.4250074886584905,5,2,Weekend
6,25,2.4863859370069448,3.713307645338843,7,1,Promotion
7,38,3.1358360719075695,2.3476289376398918,3,0,Daily
8,56,5.547076662786215,3.71463709679616,2,2,Weekend
9,36,1.0863609317785352,1.8451421222787991,6,0,Daily
10,40,1.6964358430414974,2.05832191903734,2,0,Daily
11,28,1.2760158521305165,3.9902066364368785,3,1,Promotion
12,28,1.2443728139138208,3.5135526970272872,6,1,Promotion
13,41,6.132763504066043,6.489075406408601,5,0,Daily
14,53,5.221947156280142,3.1743633946997987,8,0,Daily
15,57,3.845042974523951,4.4835301016682605,9,2,Weekend
16,41,1.5870049639060089,4.793585727517183,3,0,Daily
17,20,3.9496952507009944,1.0785667395300018,10,1,Promotion
18,39,3.8408306246833943,4.9812242321002635,3,0,Daily
19,19,2.039211219460091,2.068215801218509,3,1,Promotion
20,41,3.6031098954278384,6.766421904816731,6,0,Daily
21,61,3.3910284063842404,1.8919763665186777,1,2,Weekend
22,47,4.695100588313299,3.4877447423621426,7,0,Daily
23,55,4.810561905205863,1.5120980084718632,1,2,Weekend
24,19,1.271824058632267,6.981245511075684,5,1,Promotion
25,38,3.2476756877588273,4.013170061987456,10,0,Daily
26,50,4.755159494285419,4.5723101039202625,8,0,Daily
27,29,4.018817551480526,1.4024588643305649,4,1,Promotion
28,39,6.138939047129933,5.499762822395066,5,0,Daily
29,61,4.95216178971367,2.2594335585735146,4,2,Weekend
30,42,1.9776065624885781,6.3883257366442825,4,0,Daily
31,66,1.423412484402579,2.230837842892043,8,2,Weekend
32,44,4.854515669237894,2.1441263239819994,2,0,Daily
33,59,1.1590678632497309,1.2192980070885693,1,2,Weekend
34,45,4.51465348764078,3.8324016706599955,3,0,Daily
35,33,6.641381448549746,4.3890467995756985,9,1,Promotion
36,32,4.452845067255273,1.3942518365701142,4,1,Promotion
37,64,3.3290195572391315,5.653165700170064,10,2,Weekend
38,68,4.859729310654119,3.7197330084881655,5,2,Weekend
39,61,3.7495173429490998,4.14634161596548,2,2,Weekend
40,69,4.273700735895609,3.644576481629369,4,2,Weekend
41,20,6.648788852659151,3.4045783652519557,2,1,Promotion
42,54,3.3166158268046457,4.357841987849307,2,2,Weekend
43,68,6.767143382943486,1.931441475584275,4,2,Weekend
44,24,6.432103851736382,2.0915687829716267,6,1,Promotion
45,38,2.1747468087357786,6.170713726081104,7,0,Daily
46,26,1.4161678052509927,6.676692772801797,10,1,Promotion
47,56,1.60466800826456,3.2398558976785177,3,2,Weekend
48,35,1.1093309539092984,2.6244680388613224,3,1,Promotion
49,21,1.5666577645355704,4.863997259434095,10,1,Promotion
50,42,5.098040640498141,3.452405026588578,6,0,Daily
51,31,1.427131890761374,1.1523181339620692,3,1,Promotion
52,67,2.913853781762568,1.9369155841971422,2,2,Weekend
53,26,6.069251865816727,5.295833373084385,8,1,Promotion
54,43,1.1396316144149552,4.953543651460908,5,0,Daily
55,19,5.886810895533615,1.162575955020901,1,1,Promotion
56,37,2.6911286486403996,2.331832971597697,3,0,Daily
57,45,1.7089889657299375,2.386448779528428,10,0,Daily
58,64,5.180422992184904,5.03135646159237,8,2,Weekend
59,24,4.773657080679304,1.118263226526185,4,1,Promotion
60,61,6.264832081162318,1.624651491907443,7,2,Weekend
61,25,5.410426262823314,5.799496512239136,10,1,Promotion
62,64,5.820885582309091,2.0712679723260017,2,2,Weekend
63,52,2.692207435427839,4.916476647111248,7,0,Daily
64,31,2.064637262678337,2.429096686280359,5,1,Promotion
65,34,5.50368850984515,1.596648356556071,5,1,Promotion
66,53,5.841008435603584,2.4590331459967247,6,0,Daily
67,67,6.94303085200404,5.333601591133955,9,2,Weekend
68,57,3.475706061468559,6.1341788086377145,6,2,Weekend
69,21,3.232108514756699,5.981319187401949,8,1,Promotion
70,19,5.658477764451981,3.3831011777107287,7,1,Promotion
71,23,3.044821241518107,5.008510819423877,9,1,Promotion
72,59,6.584543953621388,2.229905772494926,4,2,Weekend
73,21,6.150476511058071,2.7588863815660796,2,1,Promotion
74,46,3.57396416425011,6.378014911126718,7,0,Daily
75,35,5.505226406748984,1.0780115410644162,6,1,Promotion
76,43,5.527257244508094,1.5130511851268085,1,0,Daily
77,61,1.6187432130155957,2.247317530876164,9,2,Weekend
78,51,6.4153174400774,1.1591932232429183,9,0,Daily
79,27,4.031514234687143,2.088612610538784,2,1,Promotion
80,53,5.9587447966464495,4.498249365818153,3,0,Daily
81,31,2.9202976061836705,3.528547303554988,5,1,Promotion
82,48,6.373139370977203,6.356030266461849,5,0,Daily
83,65,3.335210072404979,5.904661370430645,1,2,Weekend
84,32,1.0650259088817902,3.050904110187256,8,1,Promotion
85,25,6.4322918585155815,2.5565406005877547,8,1,Promotion
86,31,1.5477200607168013,3.278154449003601,4,1,Promotion
87,40,2.915881825542489,4.541769655088847,7,0,Daily
88,57,6.700371802304829,2.6083818449372576,10,2,Weekend
89,38,6.703642881625337,4.744893447094804,3,0,Daily
90,33,4.440627328739716,3.4564699131474423,6,1,Promotion
91,62,4.791023273018796,4.312283085111881,10,2,Weekend
92,35,3.690673131869919,3.6167591748119,10,1,Promotion
93,64,2.759264630188387,2.7667945572515062,9,2,Weekend
94,41,2.9719872722194958,6.69071984177294,1,0,Daily
95,43,5.03511073646223,5.581634764958565,5,0,Daily
96,42,5.51424717662608,1.8406790545987153,4,0,Daily
97,62,5.749474262355092,6.210807855387477,8,2,Weekend
98,58,5.737708856767323,3.924587189497082,1,2,Weekend
99,46,1.5472366182921422,6.367313361364548,9,0,Daily
100,32,3.966521828215489,5.799131535683891,6,1,Promotion
101,62,1.3453525600998657,3.551281026815401,4,2,Weekend
102,18,4.297173293942413,1.1348158499207044,9,1,Promotion
103,42,3.649183008240262,2.6120641563096765,5,0,Daily
104,24,6.326225096549798,4.249805287965201,5,1,Promotion
105,26,3.1054900753124723,4.800869318956884,5,1,Promotion
106,41,1.7024020985656352,2.5473261125992135,1,0,Daily
107,18,1.8579500923170151,1.8361364444369448,1,1,Promotion
108,61,5.569063790304833,6.0095814207957945,8,2,Weekend
109,25,4.709308379897566,6.906413084221313,8,1,Promotion
110,41,1.6067360567367415,4.154141093816115,6,0,Daily
111,28,1.5046408366899846,2.030075715089821,4,1,Promotion
112,68,5.20581478875472,2.6338439591162137,2,2,Weekend
113,34,1.4365780381851612,1.1103440592848004,2,1,Promotion
114,25,5.931160355742137,6.485792839362994,9,1,Promotion
115,52,5.237453362938977,1.7065064973408468,5,0,Daily
116,52,1.4880926838513986,4.459098853085521,4,0,Daily
117,50,1.5090262845111515,2.644331324123236,10,0,Daily
118,22,6.919837471007053,4.325068015094761,1,1,Promotion
119,59,3.245624774536722,4.908522330111185,7,2,Weekend
120,56,3.2238528824013457,5.97845082224321,3,2,Weekend
121,58,5.876797403545016,2.2385276305636195,6,2,Weekend
122,45,6.683491464303152,1.0659749719508829,5,0,Daily
123,24,6.916006382937225,1.8213137804128436,5,1,Promotion
124,26,5.52026911155365,6.400111851088631,5,1,Promotion
125,25,3.2575575131854944,6.243340465375091,1,1,Promotion
126,29,1.5010043001920126,4.58447861302185,1,1,Promotion
127,51,5.662881495564621,4.60310116260192,3,0,Daily
128,50,4.350425498414831,4.990220047277533,10,0,Daily
129,65,3.5453320554818575,2.0522276717406975,4,2,Weekend
130,40,6.438126310568416,6.486471675549758,5,0,Daily
131,41,1.667184893836908,3.5126231493524385,2,0,Daily
132,54,3.955750625745155,3.2988311694969847,8,2,Weekend
133,52,1.0681218686045144,4.113506231697025,2,0,Daily
134,61,3.811963851964758,1.2817958006503303,9,2,Weekend
135,57,1.337819654091024,1.9977002125364764,2,2,Weekend
136,39,1.7129074976084315,5.428201698558222,9,0,Daily
137,44,1.7051574806626293,1.4967920075507588,7,0,Daily
138,52,4.895261812696381,4.618912656798329,8,0,Daily
139,18,5.476269275592539,2.4720946580879257,2,1,Promotion
140,52,4.500212590582958,3.3357736842518593,7,0,Daily
141,54,6.773035290847251,2.7321624206241992,6,2,Weekend
142,64,3.249223477142224,3.134036298789695,4,2,Weekend
143,31,2.7142725176911644,5.314275431105473,7,1,Promotion
144,20,6.211594769136761,2.78273029373905,4,1,Promotion
145,18,2.341575031116716,4.398427841781383,2,1,Promotion
146,22,6.779335236643668,3.856302413194598,10,1,Promotion
147,43,1.072926848138898,4.982026992175889,7,0,Daily
148,31,6.819272960245835,6.6209784359485475,8,1,Promotion
149,56,1.2589594717034567,5.395432583261502,2,2,Weekend
150,44,6.346858682188427,2.2896422715445404,5,0,Daily
151,26,4.166206654517799,1.187098810367708,1,1,Promotion
152,32,6.957788776715802,2.5735842657989503,7,1,Promotion
153,32,1.4427793884123932,4.570467584201529,8,1,Promotion
154,43,4.323125706407925,1.308554880905502,6,0,Daily
155,59,6.815815213714593,3.978197483207418,5,2,Weekend
156,30,4.138587065020893,4.581057093501335,6,1,Promotion
157,68,4.776391828811575,3.0054633449017647,2,2,Weekend
158,49,5.1744921339077035,5.625473222474931,1,0,Daily
159,56,3.7272463886066394,1.6395895188026308,7,2,Weekend
160,66,4.765348480504381,1.4508266904148526,7,2,Weekend
161,69,4.505885871538601,5.3691325372216205,10,2,Weekend
162,49,6.406948062945934,3.9729478972371908,10,0,Daily
163,21,1.2726782820487472,5.1304143785664165,2,1,Promotion
164,47,2.685779137553382,3.6089640316224774,2,0,Daily
165,54,6.702468904459352,2.478412199434641,1,2,Weekend
166,40,6.341582703345498,5.914613906045198,10,0,Daily
167,56,3.7339405167142776,5.796495273813876,8,2,Weekend
168,62,4.720795586809221,5.16817882512656,8,2,Weekend
169,32,2.6642870978867963,2.6328708233797764,1,1,Promotion
170,60,2.128726958342568,4.541384001214523,8,2,Weekend
171,46,3.782190429639893,3.165843381640161,9,0,Daily
172,53,3.120113368156317,1.549492439959805,4,0,Daily
173,30,4.501936671105232,6.503881452773457,1,1,Promotion
174,49,1.466407821789909,1.8209117855137684,1,0,Daily
175,24,6.846368845996999,6.701424122924815,3,1,Promotion
176,68,6.917264466877617,3.676034637747734,5,2,Weekend
177,39,5.18897028411847,2.110797573031718,5,0,Daily
178,45,4.216578198064722,4.251405684270149,9,0,Daily
179,19,2.8571656977179662,6.23767501525845,10,1,Promotion
180,59,5.882770118241692,5.393349318457367,2,2,Weekend
181,62,5.108387035323275,5.839366887168699,2,2,Weekend
182,23,1.9757016360693478,4.952700200264304,6,1,Promotion
183,45,6.465563106963055,5.153659387107115,9,0,Daily
184,45,5.9352234575390135,6.0951739093919155,1,0,Daily
185,61,6.698799479751544,2.4980080531551154,9,2,Weekend
186,61,5.35431705033016,3.936549781858843,9,2,Weekend
187,37,4.680491175614739,2.3272566509176134,9,0,Daily
188,47,3.5094582177437132,6.926008047979882,5,0,Daily
189,28,6.59637090012408,6.66435603811968,9,1,Promotion
190,45,6.19638333700245,1.2365608682110354,4,0,Daily
191,42,1.2713120206371364,5.233451035094131,2,0,Daily
192,56,1.158201846983512,6.5514899044939945,6,2,Weekend
193,50,3.258780201268298,2.083452070764001,4,0,Daily
194,18,5.863319984690998,4.407671383315777,6,1,Promotion
195,44,6.9236567758896665,6.492929785528251,3,0,Daily
196,69,1.902501346621169,1.203675871514793,6,2,Weekend
197,30,4.564784292112811,5.1845216034810395,2,1,Promotion
198,58,3.285345139786129,2.784094044235305,2,2,Weekend
199,20,6.819486386887619,6.546377172259183,9,1,Promotion
200,56,6.052713538814253,6.826349470992207,7,2,Weekend
201,23,6.029972228266827,6.665598934680603,3,1,Promotion
202,25,3.812158958769822,3.8452852999447824,1,1,Promotion
203,44,3.488917014025991,6.172255905935881,8,0,Daily
204,26,2.6404424315842374,6.067296391210422,6,1,Promotion
205,54,1.3382529799055627,2.914602839459534,7,2,Weekend
206,50,6.188334257530319,5.973492844904064,9,0,Daily
207,68,5.877406054780465,1.2220458082929557,5,2,Weekend
208,59,6.998306039716784,4.577619270892319,1,2,Weekend
209,61,6.979821022443432,2.3800530237262185,10,2,Weekend
210,41,4.332590233615765,1.7234013146636729,7,0,Daily
211,32,5.613924491083063,1.461719209775255,5,1,Promotion
212,49,6.668594379294568,5.177732655268839,3,0,Daily
213,49,6.097884344064469,3.0392497826083966,9,0,Daily
214,41,2.484088610459186,5.3486006291725685,1,0,Daily
215,58,3.703264811860561,1.3921380447936542,1,2,Weekend
216,69,1.77495649090897,2.8917420269836622,1,2,Weekend
217,66,6.724306163552335,4.236947754252023,3,2,Weekend
218,66,4.63704780670528,5.744338989033781,6,2,Weekend
219,69,2.371856833020776,2.9125150175924195,10,2,Weekend
220,29,5.03020410643514,4.755348258622055,3,1,Promotion
221,56,4.708769442747375,6.315866489417123,8,2,Weekend
222,19,3.148976308197043,4.695179129093828,10,1,Promotion
223,20,1.6813455531977741,2.3977568485218024,2,1,Promotion
224,66,5.029439173556797,1.1464046893392281,9,2,Weekend
225,54,4.121846205422759,6.220593243405579,3,2,Weekend
226,66,5.633910350413836,1.1276164651023228,5,2,Weekend
227,34,4.12098100667196,6.248210036105196,10,1,Promotion
228,66,6.1130890019112405,4.173622804163272,8,2,Weekend
229,19,4.311441032646913,6.634406191077377,2,1,Promotion
230,19,4.365627829212317,5.792699414641993,6,1,Promotion
231,45,6.25992161595007,6.987604663200025,5,0,Daily
232,40,3.4208971972743822,3.104270892710261,10,0,Daily
233,54,1.8040913707038444,5.603129733586761,9,2,Weekend
234,49,1.1726960578800338,3.411585481655453,5,0,Daily
235,50,5.530823534041714,3.879253721823453,2,0,Daily
236,18,4.7218573081207875,4.7650327793102205,5,1,Promotion
237,36,5.224478608595342,6.242062685118032,4,0,Daily
238,19,2.2777849690534646,6.904500815195771,7,1,Promotion
239,61,1.8182288535206186,5.609640483187109,6,2,Weekend
240,43,1.0872679940072916,3.5066006930040023,2,0,Daily
241,49,3.103525352839582,3.5281420136624213,5,0,Daily
242,23,4.539506121127799,5.425493809533349,7,1,Promotion
243,49,3.353464270598394,2.432662874609814,7,0,Daily
244,21,3.6248495321423744,1.662844678788368,5,1,Promotion
245,28,6.42495216696249,3.1277329458446594,9,1,Promotion
246,34,3.089532802139802,2.72343394992449,4,1,Promotion
247,55,4.083936934958865,2.7778487227359405,3,2,Weekend
248,41,5.701918076446859,2.4016465062994596,4,0,Daily
249,22,3.379256693927621,1.2525591378181713,5,1,Promotion
250,69,4.732520201367241,1.1072436084004829,6,2,Weekend
251,51,6.174182252480471,6.926334338416189,3,0,Daily
252,23,6.697123741945853,3.566638802415174,2,1,Promotion
253,39,1.8824408855742276,3.3059598829580903,4,0,Daily
254,28,6.559525750968966,5.077883696158419,5,1,Promotion
255,65,3.952697758477229,2.309523327190385,4,2,Weekend
256,33,2.5494663297937503,6.699767103701352,3,1,Promotion
257,50,3.754814537429568,5.718070086493312,8,0,Daily
258,26,6.880195451712862,1.536466013873557,10,1,Promotion
259,23,3.9557085639572174,3.50548465470957,4,1,Promotion
260,33,2.9725096617250495,6.274709845372988,2,1,Promotion
261,46,4.800405125900355,6.668392133748462,2,0,Daily
262,20,2.440873712669158,3.8044090674992184,1,1,Promotion
263,37,1.4551799686519835,4.680468335264246,4,0,Daily
264,53,1.7732783314638954,2.002203676552451,10,0,Daily
265,36,1.7682750337466346,6.947011756821859,9,0,Daily
266,43,1.911416161073766,2.3900302083006606,7,0,Daily
267,20,1.8329630358964608,6.656390644810754,10,1,Promotion
268,36,4.845248468819287,4.897879893954211,7,0,Daily
269,37,2.091280506394869,4.6464207692731545,7,0,Daily
270,49,3.0740036999431792,4.076131066099052,8,0,Daily
271,24,6.380730459436071,2.3840188703065524,1,1,Promotion
272,69,3.843769841577234,2.0591681920330496,10,2,Weekend
273,58,5.0053464311261635,2.322917254421052,10,2,Weekend
274,50,2.033919227209779,2.118629572865527,8,0,Daily
275,57,2.1537341128520247,5.67750684140052,4,2,Weekend
276,56,1.2452116975988732,3.1007515550003806,4,2,Weekend
277,35,2.013610378432987,1.3470560593803782,4,1,Promotion
278,57,2.6715420341917517,6.814615780844868,6,2,Weekend
279,18,2.062062905660481,6.302715309780554,7,1,Promotion
280,28,1.5322152025423337,6.566513699171278,6,1,Promotion
281,45,1.7238152266036049,6.9694469358786115,1,0,Daily
282,42,3.7646726081963546,2.043371495316924,8,0,Daily
283,67,2.238002310434755,3.3774521134159525,10,2,Weekend
284,40,3.1856191662884528,5.549430854224548,7,0,Daily
285,48,4.020503625129141,5.176123708322754,6,0,Daily
286,47,5.142368971776191,1.9233754380391304,6,0,Daily
287,59,1.2358728390465936,5.894998749943706,5,2,Weekend
288,52,5.796462393454256,2.346643431019964,6,0,Daily
289,24,4.767402336945446,2.3429056889357387,9,1,Promotion
290,33,1.4905541916932314,4.221846537360482,10,1,Promotion
291,43,6.241471744640664,4.557639609050219,9,0,Daily
292,65,6.525234403190879,4.480517247026867,10,2,Weekend
293,69,1.3664677591291825,1.5489210243865292,8,2,Weekend
294,66,2.6612658888832224,6.264765175782282,10,2,Weekend
295,19,5.837207678758368,2.5936002555322366,9,1,Promotion
296,18,5.48955814230195,1.777089527696825,10,1,Promotion
297,65,2.107126116138264,6.332488479213863,8,2,Weekend
298,29,2.256095940020262,6.73390898937852,8,1,Promotion
299,22,3.222832616748292,6.172765703592704,1,1,Promotion
300,54,3.907137911146128,5.857096448349268,10,2,Weekend
301,49,4.709528629181776,4.93145188383413,5,0,Daily
302,26,3.2134818374186347,4.305144223654835,4,1,Promotion
303,58,3.7752082967988874,1.5219205594684608,2,2,Weekend
304,52,5.48482562880254,3.4507192784241925,8,0,Daily
305,36,1.2200992173435874,3.236131102073884,3,0,Daily
306,65,2.5146216660641247,2.558522702561957,4,2,Weekend
307,33,5.280097515307315,5.34052068213151,7,1,Promotion
308,20,6.3712410261231955,3.975254410472625,10,1,Promotion
309,37,4.070064652693997,1.4862772954458876,9,0,Daily
310,41,4.192680911591894,2.321099211698868,2,0,Daily
311,50,1.6430320680386563,5.0995525819575755,3,0,Daily
312,41,3.684474200940728,1.456785156941801,4,0,Daily
313,69,4.195703598730139,6.107241484292612,10,2,Weekend
314,28,2.454823021808378,3.970879162083846,1,1,Promotion
315,66,2.615459385696286,3.883519463959888,7,2,Weekend
316,25,3.263704978627736,4.554446707957106,2,1,Promotion
317,53,1.1204271866663582,5.948085795550895,5,0,Daily
318,55,2.9324749934990697,3.0868552474131583,1,2,Weekend
319,57,2.268688041979268,5.068096915354381,3,2,Weekend
320,37,2.964984113067488,4.394391783974746,2,0,Daily
321,52,1.7185727909155073,2.602169621016528,1,0,Daily
322,65,6.34316368443937,6.271779918130948,7,2,Weekend
323,42,4.561554721324292,5.784556129641569,5,0,Daily
324,52,5.074613914866937,4.950711007950553,1,0,Daily
325,42,5.7350274316440295,6.103490374565451,6,0,Daily
326,46,3.9906531935743437,6.203765205758814,5,0,Daily
327,35,1.5215217285245421,5.250177860290209,3,1,Promotion
328,63,4.2226392509112864,6.022079970182032,7,2,Weekend
329,35,4.521046708125275,5.184828770015702,10,1,Promotion
330,19,5.4726368451059795,5.080844630561803,9,1,Promotion
331,52,3.589957277378076,4.711668269291106,9,0,Daily
332,33,1.7654818167733826,5.516299837345848,9,1,Promotion
333,58,2.702655434792347,1.9516306317584422,2,2,Weekend
334,53,3.1784937783918106,6.285224555193571,3,0,Daily
335,50,4.875503447989607,6.231061166471392,7,0,Daily
336,21,4.424669828013471,1.1754836982073549,5,1,Promotion
337,50,3.1365803553870775,5.954900503388576,2,0,Daily
338,31,6.919091492757878,1.7732192048406712,3,1,Promotion
339,38,4.634648916141323,3.0107131255548514,10,0,Daily
340,65,2.423360750415967,5.461049537749647,6,2,Weekend
341,37,1.6106948357224224,1.9645593762898492,7,0,Daily
342,25,1.9171548351059922,5.907802144714373,9,1,Promotion
343,24,2.475746370307049,5.992805067746452,1,1,Promotion
344,20,1.964088239557334,4.044806402565017,7,1,Promotion
345,34,2.1194021443078346,1.0383152303010015,8,1,Promotion
346,50,2.710571012163083,2.7222287990494767,3,0,Daily
347,65,2.040241571768529,4.701561510254454,4,2,Weekend
348,29,6.3805925477585514,6.887117068164541,10,1,Promotion
349,68,1.4814024739698533,4.7908811621000105,6,2,Weekend
350,39,4.147068337421528,2.558821486384959,10,0,Daily
351,39,3.462380961937969,4.804034218597668,7,0,Daily
352,63,6.894271701451638,4.239912278295133,4,2,Weekend
353,47,1.672233413008314,5.679072370906861,8,0,Daily
354,55,3.3871335942744496,1.6418838329617504,5,2,Weekend
355,55,6.816822599652213,5.566167415012168,1,2,Weekend
356,62,6.193042755363882,4.247599472056661,4,2,Weekend
357,68,5.90243242569568,6.777952023153968,3,2,Weekend
358,25,2.547416962269639,3.0512329962321165,9,1,Promotion
359,44,2.0253255243403947,4.795731358803689,8,0,Daily
360,44,5.011859319546586,6.592168633060105,1,0,Daily
361,51,6.5762559347655145,1.6150583679440755,6,0,Daily
362,38,4.3405773580835785,6.623370923418706,9,0,Daily
363,47,4.429676136819399,5.12731433380488,7,0,Daily
364,50,2.679874561961705,1.4070223546310314,4,0,Daily
365,45,5.616957599151622,2.8057814016808975,1,0,Daily
366,64,2.1222624913451402,5.2490325318716895,2,2,Weekend
367,50,2.9420754184254623,1.4041036088126302,5,0,Daily
368,22,3.5526186316985005,4.49302276105764,5,1,Promotion
369,65,4.04566227210673,3.0752983417177404,8,2,Weekend
370,36,2.4544583944904814,4.725493106604863,6,0,Daily
371,21,1.6890209484352212,1.274452202875077,8,1,Promotion
372,52,4.663720254649796,6.229220836914258,2,0,Daily
373,66,2.7317833194415346,6.840933815064382,3,2,Weekend
374,34,4.487429328535674,6.813267131714149,6,1,Promotion
375,61,1.9261762916452139,5.497910990457548,10,2,Weekend
376,45,3.886840611128905,1.7805174407837918,3,0,Daily
377,47,4.195536595309515,5.549579175574135,6,0,Daily
378,46,1.3109412209345614,1.147521498752809,6,0,Daily
379,63,3.0196256691635233,1.1327413091739835,2,2,Weekend
380,23,1.8064880616338455,2.9416613148972477,7,1,Promotion
381,52,1.3802498228366065,3.9318591424279945,2,0,Daily
382,58,6.939761394339671,5.622444506846759,6,2,Weekend
383,54,2.934123069848338,5.099772259639031,1,2,Weekend
384,41,5.859246675127809,3.67541623826049,3,0,Daily
385,46,2.527843928582583,2.641759997689995,2,0,Daily
386,66,5.089016333343576,6.982747000946267,7,2,Weekend
387,63,5.561367159338119,3.557087813415838,4,2,Weekend
388,48,4.573832443647065,3.7083221459780527,8,0,Daily
389,52,3.8294571313009502,1.981742927150015,6,0,Daily
390,50,3.471045484883611,5.768857292499576,10,0,Daily
391,69,3.093209599257972,5.162093354688932,4,2,Weekend
392,38,6.577174865486955,2.3246176767325624,5,0,Daily
393,49,5.983716446726374,1.4942862736950562,9,0,Daily
394,40,6.790161463999075,5.082995812448279,7,0,Daily
395,50,1.7457833409132684,4.927067285686811,10,0,Daily
396,20,5.385204851221865,2.6395571619892557,9,1,Promotion
397,35,6.630042740926227,6.705181373502462,7,1,Promotion
398,42,2.0873983969939607,1.9063473506854014,1,0,Daily
399,59,1.398977604200665,3.5940088062556113,8,2,Weekend
400,48,5.446723895740354,6.661695521005593,4,0,Daily
401,20,4.446838679079471,3.518363901556734,3,1,Promotion
402,57,6.050972660549633,4.8311556859845135,7,2,Weekend
403,63,1.838634259757737,3.3855663877767657,3,2,Weekend
404,41,5.771603871159341,2.64529121409202,8,0,Daily
405,67,2.209763920286467,6.903865887758969,6,2,Weekend
406,49,1.981935657194227,3.456004037890258,5,0,Daily
407,64,1.9855947875859576,6.364595222074806,4,2,Weekend
408,39,5.887448321388293,2.379727635346517,8,0,Daily
409,40,4.991183324177201,2.2786282241505,8,0,Daily
410,19,4.138392548614716,1.1868044973070682,1,1,Promotion
411,44,3.152982904741015,4.91000095225531,9,0,Daily
412,59,6.26320324487865,3.211158062342567,5,2,Weekend
413,19,3.3546706445358123,6.186149499037822,4,1,Promotion
414,43,5.899596636829463,3.839259440149343,6,0,Daily
415,34,3.6348094514213107,6.80916056748833,6,1,Promotion
416,57,3.2616665765494455,2.1131530942187267,2,2,Weekend
417,50,3.776078714017639,6.211739007733665,8,0,Daily
418,26,2.8082672449848527,5.65958111675045,7,1,Promotion
419,60,5.485656281057507,5.625531067864312,1,2,Weekend
420,65,4.016322340554875,6.068699368701326,5,2,Weekend
421,56,2.393276170880904,5.566143945657993,6,2,Weekend
422,46,6.397447439647411,4.7573219297884926,4,0,Daily
423,59,3.3033473282392682,1.7874692660943254,2,2,Weekend
424,43,4.261317166683932,1.1951570769475115,4,0,Daily
425,52,6.438832665787282,6.525087086894121,1,0,Daily
426,67,4.745427975483953,4.699901887124428,7,2,Weekend
427,42,1.7013882442501844,5.779223745857058,2,0,Daily
428,41,6.638992741680851,3.8891341090753,2,0,Daily
429,30,4.766248318428508,1.7038491337743669,9,1,Promotion
430,24,3.0094336879425168,1.7511147532153026,5,1,Promotion
431,53,1.8356324359803236,5.113391723373828,2,0,Daily
432,62,5.764151135621776,3.581835369396776,9,2,Weekend
433,37,4.720436535571081,2.2031483602020203,9,0,Daily
434,18,4.200766551857929,3.9495672804486213,1,1,Promotion
435,25,6.363355498305745,1.3852536224508045,3,1,Promotion
436,63,5.731583267347185,4.4918284114863924,4,2,Weekend
437,33,1.910049278396507,2.613960426610586,7,1,Promotion
438,31,2.870332406773289,5.785354603823129,10,1,Promotion
439,29,2.4909348388867945,2.8621717535414426,4,1,Promotion
440,68,5.463677755436062,3.731320894490807,2,2,Weekend
441,40,1.2011946084146763,1.0697232394486038,7,0,Daily
442,32,4.419338109227899,1.4346813267673533,6,1,Promotion
443,45,5.574752114444143,3.354961338440109,3,0,Daily
444,51,6.260593820570497,3.879633008302741,6,0,Daily
445,19,3.052490492295445,4.600123288715823,6,1,Promotion
446,49,5.927543828032077,2.7499754722558194,5,0,Daily
447,40,1.6637904217312434,5.169891316759255,4,0,Daily
448,39,6.078713750407109,6.160734383135227,10,0,Daily
449,68,1.7649319739918945,5.679105933360098,1,2,Weekend
450,42,3.3837237433622036,1.2377129520901429,10,0,Daily
451,39,5.783772194677322,3.8830416835469737,6,0,Daily
452,39,1.8995045640926427,1.6295810705090492,2,0,Daily
453,66,2.375508371395849,2.452270095175165,3,2,Weekend
454,69,5.333515410358398,6.919975559602879,8,2,Weekend
455,59,5.320219219276446,1.8549732574090794,10,2,Weekend
456,23,4.846885797311784,3.9933289207081364,6,1,Promotion
457,32,5.1636906668026,4.708934405908715,3,1,Promotion
458,60,4.256346660085577,5.214789823264624,7,2,Weekend
459,54,2.5107943534417165,4.357892100921484,4,2,Weekend
460,50,3.0741759610235166,1.058625084515102,9,0,Daily
461,25,2.089586300808554,2.9587678494639515,5,1,Promotion
462,61,6.45070336800177,4.106269860308268,3,2,Weekend
463,61,4.500350768596723,1.5271989948690001,2,2,Weekend
464,22,3.4051085005818393,3.1037615872550846,2,1,Promotion
465,56,3.7720348218647963,1.1992186527481994,3,2,Weekend
466,21,6.683700037670892,1.4714709829301245,2,1,Promotion
467,23,1.9201084186964812,3.3815396572095766,4,1,Promotion
468,62,4.517378992100784,1.7962945242583621,2,2,Weekend
469,49,4.035332073306796,4.405245089569349,10,0,Daily
470,69,4.668725412607887,5.136789814823595,9,2,Weekend
471,47,1.108661102925043,5.803520194654498,2,0,Daily
472,64,6.232743453664909,2.200901465468861,9,2,Weekend
473,52,6.592709694901674,2.0048954935544185,6,0,Daily
474,57,4.390799101535253,1.6274070420064015,1,2,Weekend
475,69,5.179904943261354,4.81858149726182,4,2,Weekend
476,33,6.534996287063774,5.238854358921407,1,1,Promotion
477,30,5.243431805880392,1.1895168689538522,6,1,Promotion
478,67,1.915234257485568,6.617273477462139,4,2,Weekend
479,59,4.457730161000879,1.3118277019088345,3,2,Weekend
480,47,4.640290278297135,4.247778011806423,3,0,Daily
481,36,3.544784027814316,5.254363116705498,9,0,Daily
482,34,5.418665413748337,6.225814742476514,6,1,Promotion
483,36,6.606202088614089,5.284521592794567,9,0,Daily
484,45,6.553411077440658,5.810368498418751,5,0,Daily
485,43,3.7050362284247926,3.0367011552568366,2,0,Daily
486,54,1.6794282750445315,5.888950682479074,8,2,Weekend
487,43,6.909047193774008,1.4806890783080509,5,0,Daily
488,40,6.033388518675604,6.3688999363631655,2,0,Daily
489,26,1.747976087219601,4.285554256922417,4,1,Promotion
490,29,6.525051295704234,5.903786619774962,9,1,Promotion
491,18,6.219378172372769,3.713909707109801,4,1,Promotion
492,18,4.113028342756433,4.86146617117915,4,1,Promotion
493,64,4.547652614469575,4.15841596561668,2,2,Weekend
494,51,3.3940162232207816,5.389537130531991,6,0,Daily
495,49,1.328569832932188,1.4897798921835375,2,0,Daily
496,65,3.0111834498754053,1.3621125039433828,7,2,Weekend
497,42,5.817120691588069,2.4826194040608787,3,0,Daily
498,57,1.0277921380276172,1.95726808067913,3,2,Weekend
499,62,3.000995030146865,6.23070139955321,5,2,Weekend
500,18,3.3890121615456597,2.315283924148266,3,1,Promotion
